方案名称,空机质量,任务载荷,机翼面积,翼展,机身长度,巡航速度,section_modulus_m3,allowable_stress_pa,cg_x_m,public_mtow_kg,public_speed_basis,mass_value_provenance,wing_area_provenance,section_modulus_provenance,allowable_stress_provenance,cg_provenance,source_authority,source_title,source_url,data_status,formal_evidence_eligible
MQ-1B Predator,512.0,204,22.5792,16.8,8.22,36.011,0.0306,226350000.0,2.466,1020,cruise,published empty weight (USAF),"demo_assumption: span^2 / assumed_AR, AR=12.5",demo_assumption: Z = 3.0e-5 * published_MTOW_kg; not a published aircraft structural property,derived demo value: 0.45 * 503 MPa 7075-T6 yield strength from NASA-cited material table; not aircraft-specific,demo_assumption: cg_x = 0.30 * published fuselage length; not published aircraft CG,U.S. Air Force,U.S. Air Force MQ-1B Predator Fact Sheet,https://www.af.mil/About-Us/Fact-Sheets/Display/Article/%20104469/,PUBLIC_FACTS_PLUS_EXPLICIT_DEMO_ASSUMPTIONS,False
Bayraktar TB2,550,150,13.7143,12.0,6.4,46.3,0.021,226350000.0,1.92,700,published travel/cruise lower endpoint,derived_nonpayload_mass_proxy = published MTOW - published max payload,"demo_assumption: span^2 / assumed_AR, AR=10.5",demo_assumption: Z = 3.0e-5 * published_MTOW_kg; not a published aircraft structural property,derived demo value: 0.45 * 503 MPa 7075-T6 yield strength from NASA-cited material table; not aircraft-specific,demo_assumption: cg_x = 0.30 * published fuselage length; not published aircraft CG,Baykar,Bayraktar TB2 Technical Specifications,https://baykartech.com/en/uav/bayraktar-tb2/,PUBLIC_FACTS_PLUS_EXPLICIT_DEMO_ASSUMPTIONS,False
Bayraktar TB3,1320,280,17.8182,14.0,8.35,56.589,0.048,226350000.0,2.505,1600,cruise,derived_nonpayload_mass_proxy = published MTOW - published max payload,"demo_assumption: span^2 / assumed_AR, AR=11.0",demo_assumption: Z = 3.0e-5 * published_MTOW_kg; not a published aircraft structural property,derived demo value: 0.45 * 503 MPa 7075-T6 yield strength from NASA-cited material table; not aircraft-specific,demo_assumption: cg_x = 0.30 * published fuselage length; not published aircraft CG,Baykar,Bayraktar TB3 Technical Specifications,https://baykartech.com/en/uav/bayraktar-tb3/,PUBLIC_FACTS_PLUS_EXPLICIT_DEMO_ASSUMPTIONS,False
Gray Eagle,1145,488,24.0833,17.0,9.0,85.912,0.04899,226350000.0,2.7,1633,max-speed proxy for current demo schema,derived_nonpayload_mass_proxy = published MTOW - published max payload,"demo_assumption: span^2 / assumed_AR, AR=12.0",demo_assumption: Z = 3.0e-5 * published_MTOW_kg; not a published aircraft structural property,derived demo value: 0.45 * 503 MPa 7075-T6 yield strength from NASA-cited material table; not aircraft-specific,demo_assumption: cg_x = 0.30 * published fuselage length; not published aircraft CG,GA-ASI,Gray Eagle,https://www.ga-asi.com/remotely-piloted-aircraft/gray-eagle,PUBLIC_FACTS_PLUS_EXPLICIT_DEMO_ASSUMPTIONS,False
Gray Eagle Extended Range,1497,408,24.0833,17.0,9.0,85.912,0.05715,226350000.0,2.7,1905,max-speed proxy for current demo schema,derived_nonpayload_mass_proxy = published MTOW - published max payload,"demo_assumption: span^2 / assumed_AR, AR=12.0",demo_assumption: Z = 3.0e-5 * published_MTOW_kg; not a published aircraft structural property,derived demo value: 0.45 * 503 MPa 7075-T6 yield strength from NASA-cited material table; not aircraft-specific,demo_assumption: cg_x = 0.30 * published fuselage length; not published aircraft CG,GA-ASI,Gray Eagle Extended Range,https://www.ga-asi.com/remotely-piloted-aircraft/gray-eagle-extended-range,PUBLIC_FACTS_PLUS_EXPLICIT_DEMO_ASSUMPTIONS,False
IAI Heron,800,470,22.0448,16.6,8.5,36.011,0.0381,226350000.0,2.55,1270,midpoint of published 60-80 KTAS loiter range,derived_nonpayload_mass_proxy = published MTOW - published max payload,"demo_assumption: span^2 / assumed_AR, AR=12.5",demo_assumption: Z = 3.0e-5 * published_MTOW_kg; not a published aircraft structural property,derived demo value: 0.45 * 503 MPa 7075-T6 yield strength from NASA-cited material table; not aircraft-specific,demo_assumption: cg_x = 0.30 * published fuselage length; not published aircraft CG,IAI,Heron MALE ISR UAV,https://www.iai.co.il/product/heron/,PUBLIC_FACTS_PLUS_EXPLICIT_DEMO_ASSUMPTIONS,False
IAI Tactical Heron,420,180,10.701,10.6,7.3,36.011,0.018,226350000.0,2.19,600,midpoint of published 60-80 KTAS loiter range,derived_nonpayload_mass_proxy = published MTOW - published max payload,"demo_assumption: span^2 / assumed_AR, AR=10.5",demo_assumption: Z = 3.0e-5 * published_MTOW_kg; not a published aircraft structural property,derived demo value: 0.45 * 503 MPa 7075-T6 yield strength from NASA-cited material table; not aircraft-specific,demo_assumption: cg_x = 0.30 * published fuselage length; not published aircraft CG,IAI,Tactical Heron,https://www.iai.co.il/product/tactical-heron/,PUBLIC_FACTS_PLUS_EXPLICIT_DEMO_ASSUMPTIONS,False
Hermes 900,830,350,19.5652,15.0,8.3,31.111,0.0354,226350000.0,2.49,1180,cruise,derived_nonpayload_mass_proxy = published MTOW - published max payload,"demo_assumption: span^2 / assumed_AR, AR=11.5",demo_assumption: Z = 3.0e-5 * published_MTOW_kg; not a published aircraft structural property,derived demo value: 0.45 * 503 MPa 7075-T6 yield strength from NASA-cited material table; not aircraft-specific,demo_assumption: cg_x = 0.30 * published fuselage length; not published aircraft CG,Brazilian Air Force (FAB),Hermes 900 participa de treinamento em Campo Grande,https://www.fab.mil.br/noticias/imprime/19863/OPERACIONAL%20%E2%80%93%20Hermes%20900%20participa%20de%20treinamento%20em%20Campo%20Grande,PUBLIC_FACTS_PLUS_EXPLICIT_DEMO_ASSUMPTIONS,False
Hermes 450,370,180,11.025,10.5,6.1,48.872,0.0165,226350000.0,1.83,550,max-speed proxy for current demo schema,derived_nonpayload_mass_proxy = published MTOW - published max payload,"demo_assumption: span^2 / assumed_AR, AR=10.0",demo_assumption: Z = 3.0e-5 * published_MTOW_kg; not a published aircraft structural property,derived demo value: 0.45 * 503 MPa 7075-T6 yield strength from NASA-cited material table; not aircraft-specific,demo_assumption: cg_x = 0.30 * published fuselage length; not published aircraft CG,Brazilian Air Force (FAB); payload/MTOW cross-check Elbit brochure,Dimensão 22 - Hermes RQ-450,https://www.fab.mil.br/dimensao22/,PUBLIC_FACTS_PLUS_EXPLICIT_DEMO_ASSUMPTIONS,False
